nconst,tconst,characters
nm0000293,tt1480055,"[""Eddard 'Ned' Stark""]"
nm0004692,tt1480055,"[""Robert Baratheon""]"
nm0182666,tt1480055,"[""Jaime Lannister""]"
nm0000293,tt1668746,"[""Eddard 'Ned' Stark""]"
nm0004692,tt1668746,"[""Robert Baratheon""]"
nm0182666,tt1668746,"[""Jaime Lannister""]"
nm0000293,tt1829962,"[""Eddard 'Ned' Stark""]"
nm0004692,tt1829962,"[""Robert Baratheon""]"
nm0182666,tt1829962,"[""Jaime Lannister""]"
nm0000293,tt1829963,"[""Eddard 'Ned' Stark""]"
nm0004692,tt1829963,"[""Robert Baratheon""]"
nm0182666,tt1829963,"[""Jaime Lannister""]"
nm0000293,tt1829964,"[""Eddard 'Ned' Stark""]"
nm0004692,tt1829964,"[""Robert Baratheon""]"
nm0182666,tt1829964,"[""Jaime Lannister""]"
nm0000293,tt1837862,"[""Eddard 'Ned' Stark""]"
nm0004692,tt1837862,"[""Robert Baratheon""]"
nm0000293,tt1837863,"[""Eddard 'Ned' Stark""]"
nm0004692,tt1837863,"[""Robert Baratheon""]"
nm0182666,tt1837863,"[""Jaime Lannister""]"
nm0000293,tt1837864,"[""Eddard 'Ned' Stark""]"
nm0000293,tt1851398,"[""Eddard 'Ned' Stark""]"
nm0182666,tt1851398,"[""Jaime Lannister""]"
nm0000293,tt1851397,"[""Eddard 'Ned' Stark""]"
nm0182666,tt1851397,"[""Jaime Lannister""]"
nm0227759,tt1971833,"[""Tyrion Lannister""]"
nm0182666,tt1971833,"[""Jaime Lannister""]"
nm0227759,tt2069318,"[""Tyrion Lannister""]"
nm0318821,tt2069318,"[""Petyr 'Littlefinger' Baelish""]"
nm0227759,tt2070135,"[""Tyrion Lannister""]"
nm0318821,tt2070135,"[""Petyr 'Littlefinger' Baelish""]"
nm0227759,tt2069319,"[""Tyrion Lannister""]"
nm0318821,tt2069319,"[""Petyr 'Littlefinger' Baelish""]"
nm0227759,tt2074658,"[""Tyrion Lannister""]"
nm0227759,tt2085238,"[""Tyrion Lannister""]"
nm0227759,tt2085239,"[""Tyrion Lannister""]"
nm0182666,tt2085239,"[""Jaime Lannister""]"
nm0227759,tt2085240,"[""Tyrion Lannister""]"
nm0182666,tt2085240,"[""Jaime Lannister""]"
nm0227759,tt2084342,"[""Tyrion Lannister""]"
nm0001097,tt2084342,"[""Tywin Lannister""]"
nm0192377,tt2084342,"[""Davos Seaworth""]"
nm0227759,tt2112510,"[""Tyrion Lannister""]"
nm0182666,tt2112510,"[""Jaime Lannister""]"
nm0227759,tt2178782,"[""Tyrion Lannister""]"
nm3229685,tt2178782,"[""Jon Snow""]"
nm0227759,tt2178772,"[""Tyrion Lannister""]"
nm0182666,tt2178772,"[""Jaime Lannister""]"
nm3229685,tt2178772,"[""Jon Snow""]"
nm0227759,tt2178802,"[""Tyrion Lannister""]"
nm0182666,tt2178802,"[""Jaime Lannister""]"
nm0227759,tt2178798,"[""Tyrion Lannister""]"
nm0182666,tt2178798,"[""Jaime Lannister""]"
nm0227759,tt2178788,"[""Tyrion Lannister""]"
nm0182666,tt2178788,"[""Jaime Lannister""]"
nm0227759,tt2178812,"[""Tyrion Lannister""]"
nm0182666,tt2178812,"[""Jaime Lannister""]"
nm3229685,tt2178812,"[""Jon Snow""]"
nm0227759,tt2178814,"[""Tyrion Lannister""]"
nm0182666,tt2178814,"[""Jaime Lannister""]"
nm3229685,tt2178814,"[""Jon Snow""]"
nm0227759,tt2178806,"[""Tyrion Lannister""]"
nm0322513,tt2178806,"[""Jorah Mormont""]"
nm3229685,tt2178784,"[""Jon Snow""]"
nm0534635,tt2178784,"[""Robb Stark""]"
nm0322513,tt2178784,"[""Jorah Mormont""]"
nm0227759,tt2178796,"[""Tyrion Lannister""]"
nm0182666,tt2178796,"[""Jaime Lannister""]"
nm0227759,tt2816136,"[""Tyrion Lannister""]"
nm0182666,tt2816136,"[""Jaime Lannister""]"
nm0227759,tt2832378,"[""Tyrion Lannister""]"
nm0182666,tt2832378,"[""Jaime Lannister""]"
nm0001097,tt2832378,"[""Tywin Lannister""]"
nm0227759,tt2972426,"[""Tyrion Lannister""]"
nm0182666,tt2972426,"[""Jaime Lannister""]"
nm0227759,tt2972428,"[""Tyrion Lannister""]"
nm0182666,tt2972428,"[""Jaime Lannister""]"
nm0182666,tt3060856,"[""Jaime Lannister""]"
nm3229685,tt3060856,"[""Jon Snow""]"
nm0227759,tt3060910,"[""Tyrion Lannister""]"
nm0182666,tt3060910,"[""Jaime Lannister""]"
nm0227759,tt3060876,"[""Tyrion Lannister""]"
nm0182666,tt3060876,"[""Jaime Lannister""]"
nm0227759,tt3060782,"[""Tyrion Lannister""]"
nm0182666,tt3060782,"[""Jaime Lannister""]"
nm3229685,tt3060858,"[""Jon Snow""]"
nm4263213,tt3060858,"[""Samwell Tarly""]"
nm0227759,tt3060860,"[""Tyrion Lannister""]"
nm0182666,tt3060860,"[""Jaime Lannister""]"
nm0227759,tt3658012,"[""Tyrion Lannister""]"
nm0182666,tt3658012,"[""Jaime Lannister""]"
nm0227759,tt3846626,"[""Tyrion Lannister""]"
nm0182666,tt3846626,"[""Jaime Lannister""]"
nm0227759,tt3866836,"[""Tyrion Lannister""]"
nm3229685,tt3866836,"[""Jon Snow""]"
nm0318821,tt3866836,"[""Petyr 'Littlefinger' Baelish""]"
nm0227759,tt3866838,"[""Tyrion Lannister""]"
nm0182666,tt3866838,"[""Jaime Lannister""]"
nm0227759,tt3866840,"[""Tyrion Lannister""]"
nm3229685,tt3866840,"[""Jon Snow""]"
nm0226820,tt3866840,"[""Stannis Baratheon""]"
nm0227759,tt3866842,"[""Tyrion Lannister""]"
nm0182666,tt3866842,"[""Jaime Lannister""]"
nm0318821,tt3866842,"[""Petyr 'Littlefinger' Baelish""]"
nm0227759,tt3866846,"[""Tyrion Lannister""]"
nm0182666,tt3866846,"[""Jaime Lannister""]"
nm0227759,tt3866850,"[""Tyrion Lannister""]"
nm3229685,tt3866850,"[""Jon Snow""]"
nm0227759,tt3866826,"[""Tyrion Lannister""]"
nm0182666,tt3866826,"[""Jaime Lannister""]"
nm3229685,tt3866826,"[""Jon Snow""]"
nm0227759,tt3866862,"[""Tyrion Lannister""]"
nm0182666,tt3866862,"[""Jaime Lannister""]"
nm0227759,tt3658014,"[""Tyrion Lannister""]"
nm0182666,tt3658014,"[""Jaime Lannister""]"
nm0227759,tt4077554,"[""Tyrion Lannister""]"
nm0182666,tt4077554,"[""Jaime Lannister""]"
nm3229685,tt4077554,"[""Jon Snow""]"
nm0227759,tt4131606,"[""Tyrion Lannister""]"
nm0182666,tt4131606,"[""Jaime Lannister""]"
nm0227759,tt4283016,"[""Tyrion Lannister""]"
nm0182666,tt4283016,"[""Jaime Lannister""]"
nm0227759,tt4283028,"[""Tyrion Lannister""]"
nm3229685,tt4283028,"[""Jon Snow""]"
nm0318821,tt4283028,"[""Petyr 'Littlefinger' Baelish""]"
nm0182666,tt4283054,"[""Jaime Lannister""]"
nm0182666,tt4283060,"[""Jaime Lannister""]"
nm3229685,tt4283060,"[""Jon Snow""]"
nm0227759,tt4283074,"[""Tyrion Lannister""]"
nm0182666,tt4283074,"[""Jaime Lannister""]"
nm0227759,tt4283088,"[""Tyrion Lannister""]"
nm3229685,tt4283088,"[""Jon Snow""]"
nm0192377,tt4283088,"[""Davos Seaworth""]"
nm0227759,tt4283094,"[""Tyrion Lannister""]"
nm0182666,tt4283094,"[""Jaime Lannister""]"
nm3229685,tt4283094,"[""Jon Snow""]"
nm0227759,tt5654088,"[""Tyrion Lannister""]"
nm0182666,tt5654088,"[""Jaime Lannister""]"
nm0227759,tt5655178,"[""Tyrion Lannister""]"
nm0182666,tt5655178,"[""Jaime Lannister""]"
nm0227759,tt5775840,"[""Tyrion Lannister""]"
nm0182666,tt5775840,"[""Jaime Lannister""]"
nm0227759,tt5775846,"[""Tyrion Lannister""]"
nm0182666,tt5775846,"[""Jaime Lannister""]"
nm0227759,tt5775854,"[""Tyrion Lannister""]"
nm0182666,tt5775854,"[""Jaime Lannister""]"
nm0227759,tt5775864,"[""Tyrion Lannister""]"
nm3229685,tt5775864,"[""Jon Snow""]"
nm0318821,tt5775864,"[""Petyr 'Littlefinger' Baelish""]"
nm0227759,tt5775874,"[""Tyrion Lannister""]"
nm0182666,tt5775874,"[""Jaime Lannister""]"
nm0227759,tt5924366,"[""Tyrion Lannister""]"
nm0182666,tt5924366,"[""Jaime Lannister""]"
nm0227759,tt6027908,"[""Tyrion Lannister""]"
nm0182666,tt6027908,"[""Jaime Lannister""]"
nm3229685,tt6027908,"[""Jon Snow""]"
nm0227759,tt6027912,"[""Tyrion Lannister""]"
nm0182666,tt6027912,"[""Jaime Lannister""]"
nm3229685,tt6027912,"[""Jon Snow""]"
nm0227759,tt6027914,"[""Tyrion Lannister""]"
nm0182666,tt6027914,"[""Jaime Lannister""]"
nm0227759,tt6027916,"[""Tyrion Lannister""]"
nm0182666,tt6027916,"[""Jaime Lannister""]"
nm0227759,tt6027920,"[""Tyrion Lannister""]"
nm0182666,tt6027920,"[""Jaime Lannister""]"
